Metric,Class 1,Class 2,Class 3
Accuracy,0.987752,0.998721,0.973467
Precision,0.993664,0.990643,0.979466
Recall,0.980208,0.99882,0.985537
F1-score,0.98689,0.994715,0.982492